{
 "stats": {
  "rel.high_freq": {
   "median": 0.22016,
   "mad": 0.10244
  },
  "rel.laplacian": {
   "median": 0.10017,
   "mad": 0.05889
  },
  "rel.scale_gain": {
   "median": 0.57663,
   "mad": 0.19939
  },
  "rel.texture": {
   "median": 0.69202,
   "mad": 0.15547
  },
  "rel.edge_density": {
   "median": 0.31098,
   "mad": 0.10949
  },
  "rel.raster": {
   "median": 1.74797,
   "mad": 0.35449
  },
  "rel.saturation": {
   "median": 0.97779,
   "mad": 0.01657
  }
 },
 "scores": [
  0.0458,
  0.1015,
  0.1038,
  0.1151,
  0.1252,
  0.1479,
  0.1482,
  0.1484,
  0.1528,
  0.1539,
  0.157,
  0.1581,
  0.1648,
  0.165,
  0.1727,
  0.1728,
  0.1744,
  0.1779,
  0.1785,
  0.1811,
  0.1874,
  0.1878,
  0.1896,
  0.1898,
  0.1899,
  0.1921,
  0.1951,
  0.1968,
  0.1969,
  0.2,
  0.204,
  0.2071,
  0.2079,
  0.2095,
  0.2126,
  0.2147,
  0.2167,
  0.2188,
  0.2211,
  0.2244,
  0.2302,
  0.2323,
  0.2332,
  0.2341,
  0.2357,
  0.236,
  0.2371,
  0.2375,
  0.2399,
  0.241,
  0.2435,
  0.2445,
  0.2466,
  0.2468,
  0.2481,
  0.2507,
  0.2634,
  0.2653,
  0.2695,
  0.2736,
  0.2763,
  0.2766,
  0.2805,
  0.2816,
  0.2862,
  0.2888,
  0.2922,
  0.295,
  0.2955,
  0.306,
  0.3083,
  0.311,
  0.3119,
  0.314,
  0.3192,
  0.326,
  0.3365,
  0.3651,
  0.3769,
  0.3786,
  0.3884,
  0.3898,
  0.394,
  0.4039,
  0.4072,
  0.4128,
  0.4171,
  0.4375,
  0.4379,
  0.4672,
  0.4674,
  0.4822,
  0.4932,
  0.4959,
  0.5275,
  0.5544,
  0.5583,
  0.5858,
  0.5864,
  0.5958,
  0.5965,
  0.6002,
  0.6186,
  0.6207,
  0.6311,
  0.6356,
  0.6465,
  0.6661,
  0.7005,
  0.7056,
  0.7585,
  0.766,
  0.8796,
  0.9008,
  0.9488,
  0.9612,
  0.9654,
  0.9909,
  1.0361,
  1.0523,
  1.0844,
  1.1415,
  1.2114,
  1.2156,
  1.2347,
  1.2456,
  1.25,
  1.2568,
  1.2724,
  1.2796,
  1.2875,
  1.3454,
  1.3478,
  1.3517,
  1.5246,
  1.5851,
  1.5935,
  1.6072,
  1.8309,
  1.831
 ],
 "n": 200,
 "source": "relative:real_notes",
 "split": true,
 "guards": null
}